word1	word2	relation	label
pheasant	game	hyper	1
pheasant	bird	hyper	1
pheasant	vertebrate	hyper	1
pheasant	creature	hyper	1
dove	pheasant	other	0
animal	pheasant	rhyper	-1
beak	pheasant	other	0
pheasant	pakistani	other	0
sparrow	creature	hyper	1
sparrow	animal	hyper	1
sparrow	vertebrate	hyper	1
sparrow	football	other	0
pheasant	sparrow	other	0
bird	sparrow	rhyper	-1
fox	vertebrate	hyper	1
fox	animal	hyper	1
fox	mammal	hyper	1
fox	predator	hyper	1
fox	carnivore	hyper	1
fox	canine	hyper	1
beast	fox	rhyper	-1
fox	sub-committee	other	0
creature	fox	rhyper	-1
fox	mouth	other	0
fox	giraffe	other	0
tail	fox	other	0
stove	device	hyper	1
stove	object	hyper	1
stove	artifact	hyper	1
stove	artefact	hyper	1
stove	commodity	hyper	1
stove	migraine	other	0
good	stove	rhyper	-1
appliance	stove	rhyper	-1
bookshop	stove	other	0
telephone	stove	other	0
rifle	artifact	hyper	1
rifle	weapon	hyper	1
rifle	arm	hyper	1
rifle	artefact	hyper	1
rifle	gun	hyper	1
rifle	firearm	hyper	1
kalashnikov	rifle	other	0
rifle	revolver	other	0
device	rifle	rhyper	-1
object	rifle	rhyper	-1
barrel	rifle	other	0
rifle	hockey	other	0
cottage	construction	hyper	1
cottage	dwelling	hyper	1
cottage	housing	hyper	1
cottage	structure	hyper	1
cottage	building	hyper	1
cottage	home	hyper	1
cottage	habitation	hyper	1
cottage	edifice	hyper	1
alcohol	cottage	other	0
restaurant	cottage	other	0
accommodation	cottage	rhyper	-1
owner	cottage	other	0
ceiling	cottage	other	0
lodging	cottage	rhyper	-1
cottage	castle	other	0
cottage	camera	other	0
radio	artefact	hyper	1
radio	good	hyper	1
radio	object	hyper	1
radio	system	hyper	1
radio	device	hyper	1
radio	appliance	hyper	1
radio	commodity	hyper	1
washer	radio	other	0
speaker	radio	other	0
radio	wire	other	0
artifact	radio	rhyper	-1
radio	canvas	other	0
equipment	radio	rhyper	-1
radio	stereo	other	0
pine	tree	hyper	1
pine	evergreen	hyper	1
pine	tooling	other	0
stump	pine	other	0
oven	artifact	hyper	1
oven	artefact	hyper	1
oven	device	hyper	1
oven	good	hyper	1
oven	commodity	hyper	1
steel	oven	other	0
appliance	oven	rhyper	-1
oven	import	other	0
oven	television	other	0
oven	timer	other	0
bomb	artefact	hyper	1
bomb	device	hyper	1
bomb	arm	hyper	1
bomb	weapon	hyper	1
fuse	bomb	other	0
artifact	bomb	rhyper	-1
dagger	bomb	other	0
bomb	thoroughfare	other	0
chair	artifact	hyper	1
chair	furniture	hyper	1
chair	object	hyper	1
chair	artefact	hyper	1
stool	chair	other	0
chair	scroll	other	0
furnishing	chair	rhyper	-1
cushion	chair	other	0
bomber	conveyance	hyper	1
bomber	aircraft	hyper	1
bomber	plane	hyper	1
bomber	transport	hyper	1
bomber	warplane	hyper	1
bomber	aeroplane	hyper	1
bomber	artifact	hyper	1
bomber	airplane	hyper	1
bomber	helicopter	other	0
vehicle	bomber	rhyper	-1
bomber	fuel	other	0
taste	bomber	other	0
windshield	bomber	other	0
frigate	bomber	other	0
artefact	bomber	rhyper	-1
bomber	setting	other	0
grape	berry	hyper	1
grape	food	hyper	1
grape	fruit	hyper	1
grape	reef	other	0
cherry	grape	other	0
produce	grape	rhyper	-1
elm	tree	hyper	1
plant	elm	rhyper	-1
willow	tree	hyper	1
flower	willow	other	0
cherry	produce	hyper	1
cherry	food	hyper	1
stone	cherry	other	0
fruit	cherry	rhyper	-1
scooter	transport	hyper	1
scooter	artefact	hyper	1
scooter	vehicle	hyper	1
scooter	artifact	hyper	1
scooter	necessity	other	0
conveyance	scooter	rhyper	-1
moped	scooter	other	0
fuel	scooter	other	0
swan	vertebrate	hyper	1
swan	bird	hyper	1
swan	waterfowl	hyper	1
swan	creature	hyper	1
crow	swan	other	0
swan	overdraft	other	0
animal	swan	rhyper	-1
eye	swan	other	0
jar	vessel	hyper	1
jar	artefact	hyper	1
jar	container	hyper	1
jar	artifact	hyper	1
jar	object	hyper	1
kitchenware	jar	rhyper	-1
jam	jar	other	0
jar	cookie	other	0
respect	jar	other	0
jar	plate	other	0
cloak	clothing	hyper	1
cloak	artefact	hyper	1
cloak	clothes	hyper	1
cloak	covering	hyper	1
cloak	commodity	hyper	1
cloak	artifact	hyper	1
cloak	apparel	hyper	1
cloak	wear	hyper	1
back	cloak	other	0
workload	cloak	other	0
garment	cloak	rhyper	-1
jacket	cloak	other	0
cloak	greenbelt	other	0
cloak	stigma	other	0
cloak	trousers	other	0
good	cloak	rhyper	-1
glider	artifact	hyper	1
glider	aircraft	hyper	1
glider	transport	hyper	1
glider	craft	hyper	1
glider	artefact	hyper	1
back	glider	other	0
conveyance	glider	rhyper	-1
glider	front	other	0
vehicle	glider	rhyper	-1
boy	glider	other	0
grapefruit	produce	hyper	1
grapefruit	citrus	hyper	1
grapefruit	fruit	hyper	1
food	grapefruit	rhyper	-1
cranberry	grapefruit	other	0
grapefruit	re-assessment	other	0
radish	produce	hyper	1
radish	food	hyper	1
radish	vegetable	hyper	1
leaf	radish	other	0
turnip	radish	other	0
radish	vinyl	other	0
robe	garment	hyper	1
robe	artefact	hyper	1
robe	covering	hyper	1
robe	commodity	hyper	1
robe	apparel	hyper	1
robe	clothing	hyper	1
robe	good	hyper	1
robe	artifact	hyper	1
hat	robe	other	0
robe	commentary	other	0
back	robe	other	0
robe	ruminant	other	0
object	robe	rhyper	-1
blouse	robe	other	0
something	robe	other	0
robe	front	other	0
hat	covering	hyper	1
hat	apparel	hyper	1
hat	wear	hyper	1
hat	good	hyper	1
hat	accessory	hyper	1
hat	artefact	hyper	1
hat	clothing	hyper	1
hat	headgear	hyper	1
hat	garment	hyper	1
hat	headdress	hyper	1
hat	object	hyper	1
commencement	hat	other	0
hat	virus	other	0
robe	hat	other	0
commodity	hat	rhyper	-1
inside	hat	other	0
hat	italian	other	0
artifact	hat	rhyper	-1
jacket	hat	other	0
outside	hat	other	0
hat	crown	other	0
clothes	hat	rhyper	-1
battleship	artefact	hyper	1
battleship	vehicle	hyper	1
battleship	vessel	hyper	1
battleship	warship	hyper	1
battleship	craft	hyper	1
plantation	battleship	other	0
battleship	lack	other	0
battleship	glider	other	0
topside	battleship	other	0
ship	battleship	rhyper	-1
cannon	artifact	hyper	1
cannon	gun	hyper	1
cannon	arm	hyper	1
cannon	device	hyper	1
cannon	object	hyper	1
trigger	cannon	other	0
cannon	chamber	other	0
achiever	cannon	other	0
artefact	cannon	rhyper	-1
hatchet	cannon	other	0
vulture	raptor	hyper	1
vulture	predator	hyper	1
vulture	scavenger	hyper	1
vulture	creature	hyper	1
vulture	animal	hyper	1
vertebrate	vulture	rhyper	-1
vulture	goose	other	0
beak	vulture	other	0
dismay	vulture	other	0
bird	vulture	rhyper	-1
fridge	commodity	hyper	1
fridge	object	hyper	1
fridge	artifact	hyper	1
fridge	device	hyper	1
fridge	artefact	hyper	1
telephone	fridge	other	0
fridge	food	other	0
good	fridge	rhyper	-1
fridge	test	other	0
learner	fridge	other	0
bear	mammal	hyper	1
bear	creature	hyper	1
bear	vertebrate	hyper	1
bear	beast	hyper	1
dog	bear	other	0
jaw	bear	other	0
bear	fur	other	0
animal	bear	rhyper	-1
spoon	artefact	hyper	1
spoon	cutlery	hyper	1
spoon	artifact	hyper	1
spoon	tool	hyper	1
spoon	object	hyper	1
spoon	tableware	hyper	1
spoon	container	hyper	1
kitchenware	spoon	rhyper	-1
spoon	empathy	other	0
lock-up	spoon	other	0
shovel	spoon	other	0
wood	spoon	other	0
spoon	head	other	0
spoon	wrench	other	0
giraffe	herbivore	hyper	1
giraffe	beast	hyper	1
giraffe	mammal	hyper	1
giraffe	vertebrate	hyper	1
assessor	giraffe	other	0
giraffe	leg	other	0
giraffe	violin	other	0
creature	giraffe	rhyper	-1
cedar	plant	hyper	1
cedar	evergreen	hyper	1
cedar	sense	other	0
tree	cedar	rhyper	-1
snake	creature	hyper	1
snake	animal	hyper	1
snake	reptile	hyper	1
snake	beast	hyper	1
tooth	snake	other	0
alligator	snake	other	0
vertebrate	snake	rhyper	-1
snake	establishment	other	0
desk	artefact	hyper	1
desk	furniture	hyper	1
desk	furnishing	hyper	1
desk	object	hyper	1
artifact	desk	rhyper	-1
wood	desk	other	0
sofa	desk	other	0
desk	beating	other	0
falcon	creature	hyper	1
falcon	predator	hyper	1
falcon	vertebrate	hyper	1
falcon	bird	hyper	1
liberalization	falcon	other	0
plumage	falcon	other	0
falcon	claw	other	0
falcon	underdog	other	0
donkey	herbivore	hyper	1
donkey	creature	hyper	1
donkey	vertebrate	hyper	1
donkey	beast	hyper	1
donkey	hair	other	0
mammal	donkey	rhyper	-1
snout	donkey	other	0
artillery	donkey	other	0
frigate	vessel	hyper	1
frigate	artifact	hyper	1
frigate	vehicle	hyper	1
frigate	ship	hyper	1
frigate	craft	hyper	1
artefact	frigate	rhyper	-1
timetable	frigate	other	0
starboard	frigate	other	0
frigate	raft	other	0
jet	frigate	other	0
onion	vegetable	hyper	1
onion	produce	hyper	1
food	onion	rhyper	-1
onion	dresser	other	0
sofa	artefact	hyper	1
sofa	artifact	hyper	1
sofa	object	hyper	1
sofa	furniture	hyper	1
furnishing	sofa	rhyper	-1
sofa	declaration	other	0
wood	sofa	other	0
bed	sofa	other	0
gun	object	hyper	1
gun	arm	hyper	1
gun	artifact	hyper	1
gun	artefact	hyper	1
device	gun	rhyper	-1
bazooka	gun	other	0
butt	gun	other	0
gun	shotgun	other	0
glove	accessory	hyper	1
glove	clothes	hyper	1
glove	artifact	hyper	1
glove	good	hyper	1
glove	apparel	hyper	1
glove	garment	hyper	1
glove	artefact	hyper	1
glove	wear	hyper	1
glove	object	hyper	1
glove	bonfire	other	0
jacket	glove	other	0
covering	glove	rhyper	-1
clothing	glove	rhyper	-1
commodity	glove	rhyper	-1
crust	glove	other	0
glove	historian	other	0
glove	sweatshirt	other	0
dress	glove	other	0
bag	object	hyper	1
bag	luggage	hyper	1
bag	artefact	hyper	1
bag	accessory	hyper	1
bag	incontinence	other	0
bottom	bag	other	0
circumcision	bag	other	0
artifact	bag	rhyper	-1
hatchet	weapon	hyper	1
hatchet	cutlery	hyper	1
hatchet	utensil	hyper	1
hatchet	artifact	hyper	1
hatchet	artefact	hyper	1
tool	hatchet	rhyper	-1
hatchet	lesson	other	0
hatchet	iron	other	0
hatchet	pincer	other	0
scissors	hatchet	other	0
saxophone	instrument	hyper	1
saxophone	artefact	hyper	1
saxophone	object	hyper	1
saxophone	artifact	hyper	1
key	saxophone	other	0
device	saxophone	rhyper	-1
drum	saxophone	other	0
saxophone	fare	other	0
car	artifact	hyper	1
car	conveyance	hyper	1
car	vehicle	hyper	1
car	artefact	hyper	1
car	goody	other	0
trunk	car	other	0
transport	car	rhyper	-1
bicycle	car	other	0
tanker	artefact	hyper	1
tanker	craft	hyper	1
tanker	artifact	hyper	1
tanker	ship	hyper	1
van	tanker	other	0
tanker	hull	other	0
tanker	ferry	other	0
racism	tanker	other	0
motorcycle	vehicle	hyper	1
motorcycle	artefact	hyper	1
motorcycle	transport	hyper	1
motorcycle	conveyance	hyper	1
motorcycle	sauce	other	0
artifact	motorcycle	rhyper	-1
ferry	motorcycle	other	0
oil	motorcycle	other	0
turtle	amphibian	hyper	1
turtle	animal	hyper	1
turtle	vertebrate	hyper	1
turtle	beast	hyper	1
turtle	reptile	hyper	1
turtle	creature	hyper	1
salary	turtle	other	0
pet	turtle	rhyper	-1
frog	turtle	other	0
turtle	eye	other	0
scale	turtle	other	0
food	turtle	rhyper	-1
villa	construction	hyper	1
villa	house	hyper	1
villa	dwelling	hyper	1
villa	edifice	hyper	1
villa	lodging	hyper	1
villa	habitation	hyper	1
villa	site	hyper	1
villa	accommodation	hyper	1
villa	structure	hyper	1
inn	villa	other	0
building	villa	rhyper	-1
villa	speed	other	0
housing	villa	rhyper	-1
villa	wood	other	0
warehouse	villa	other	0
roof	villa	other	0
villa	pub	other	0
ceiling	villa	other	0
crow	bird	hyper	1
crow	animal	hyper	1
crow	creature	hyper	1
crow	vertebrate	hyper	1
crow	coward	other	0
scavenger	crow	rhyper	-1
swan	crow	other	0
beak	crow	other	0
acacia	tree	hyper	1
root	acacia	other	0
grasshopper	insect	hyper	1
grasshopper	creature	hyper	1
grasshopper	bug	hyper	1
grasshopper	childhood	other	0
leg	grasshopper	other	0
moth	grasshopper	other	0
library	edifice	hyper	1
library	site	hyper	1
library	building	hyper	1
library	construction	hyper	1
elevator	library	other	0
institution	library	rhyper	-1
structure	library	rhyper	-1
problem	library	other	0
goose	waterfowl	hyper	1
goose	bird	hyper	1
goose	creature	hyper	1
goose	animal	hyper	1
plumage	goose	other	0
hawk	goose	other	0
vertebrate	goose	rhyper	-1
goose	continuum	other	0
lion	vertebrate	hyper	1
lion	predator	hyper	1
lion	carnivore	hyper	1
lion	creature	hyper	1
lion	mammal	hyper	1
rat	lion	other	0
lion	mouth	other	0
implementer	lion	other	0
beast	lion	rhyper	-1
paw	lion	other	0
turnip	root	hyper	1
turnip	food	hyper	1
turnip	produce	hyper	1
carrot	turnip	other	0
bulb	turnip	other	0
turnip	dyslexia	other	0
beetle	animal	hyper	1
beetle	insect	hyper	1
beetle	bug	hyper	1
head	beetle	other	0
creature	beetle	rhyper	-1
wasp	beetle	other	0
cathedral	building	hyper	1
cathedral	church	hyper	1
cathedral	site	hyper	1
cathedral	edifice	hyper	1
cathedral	structure	hyper	1
cathedral	pulse	other	0
cathedral	pub	other	0
stair	cathedral	other	0
construction	cathedral	rhyper	-1
cathedral	candle	other	0
hammer	tool	hyper	1
hammer	artifact	hyper	1
hammer	utensil	hyper	1
hammer	object	hyper	1
scissors	hammer	other	0
artefact	hammer	rhyper	-1
hammer	nausea	other	0
wood	hammer	other	0
blouse	good	hyper	1
blouse	wear	hyper	1
blouse	object	hyper	1
blouse	clothes	hyper	1
blouse	garment	hyper	1
blouse	apparel	hyper	1
blouse	commodity	hyper	1
blouse	clothing	hyper	1
artefact	blouse	rhyper	-1
button	blouse	other	0
blouse	spider	other	0
blouse	arm	other	0
hat	blouse	other	0
silk	blouse	other	0
artifact	blouse	rhyper	-1
cloak	blouse	other	0
saw	object	hyper	1
saw	utensil	hyper	1
saw	tool	hyper	1
saw	artifact	hyper	1
saw	herat	other	0
steel	saw	other	0
artefact	saw	rhyper	-1
fork	saw	other	0
pigeon	creature	hyper	1
pigeon	animal	hyper	1
pigeon	vertebrate	hyper	1
bird	pigeon	rhyper	-1
owl	pigeon	other	0
plume	pigeon	other	0
revolver	object	hyper	1
revolver	weapon	hyper	1
revolver	arm	hyper	1
revolver	pistol	hyper	1
revolver	gun	hyper	1
revolver	artifact	hyper	1
revolver	device	hyper	1
muzzle	revolver	other	0
revolver	merchandising	other	0
revolver	steel	other	0
kalashnikov	revolver	other	0
artefact	revolver	rhyper	-1
revolver	bazooka	other	0
firearm	revolver	rhyper	-1
mug	artifact	hyper	1
mug	artefact	hyper	1
mug	kitchenware	hyper	1
mug	container	hyper	1
mug	object	hyper	1
mug	whisky	other	0
exterior	mug	other	0
box	mug	other	0
mug	bottle	other	0
vessel	mug	rhyper	-1
washer	artefact	hyper	1
washer	appliance	hyper	1
washer	object	hyper	1
washer	commodity	hyper	1
washer	device	hyper	1
washer	steel	other	0
washer	refrigerator	other	0
good	washer	rhyper	-1
washer	affluence	other	0
artifact	washer	rhyper	-1
pistol	artifact	hyper	1
pistol	arm	hyper	1
pistol	artefact	hyper	1
pistol	object	hyper	1
pistol	weapon	hyper	1
pistol	device	hyper	1
pistol	initiative	other	0
gun	pistol	rhyper	-1
priest	pistol	other	0
pistol	cartridge	other	0
pistol	hatchet	other	0
holder	pistol	other	0
carp	animal	hyper	1
carp	seafood	hyper	1
carp	vertebrate	hyper	1
carp	creature	hyper	1
trouble	carp	other	0
carp	trespasser	other	0
cod	carp	other	0
fish	carp	rhyper	-1
knife	tool	hyper	1
knife	kitchenware	hyper	1
knife	weapon	hyper	1
knife	utensil	hyper	1
knife	artefact	hyper	1
knife	tableware	hyper	1
knife	fork	other	0
artifact	knife	rhyper	-1
ketchup	knife	other	0
iron	knife	other	0
cutlery	knife	rhyper	-1
knife	foreboding	other	0
trout	fish	hyper	1
trout	vertebrate	hyper	1
trout	food	hyper	1
trout	creature	hyper	1
animal	trout	rhyper	-1
seafood	trout	rhyper	-1
trout	phobia	other	0
whale	trout	other	0
eagle	vertebrate	hyper	1
eagle	creature	hyper	1
eagle	raptor	hyper	1
eagle	predator	hyper	1
animal	eagle	rhyper	-1
bird	eagle	rhyper	-1
claw	eagle	other	0
generation	eagle	other	0
cauliflower	food	hyper	1
cauliflower	produce	hyper	1
spinach	cauliflower	other	0
cauliflower	rainbow	other	0
salmon	fish	hyper	1
salmon	animal	hyper	1
salmon	food	hyper	1
salmon	vertebrate	hyper	1
salmon	head	other	0
cod	salmon	other	0
seafood	salmon	rhyper	-1
demonstration	salmon	other	0
corn	vegetable	hyper	1
corn	food	hyper	1
corn	cereal	hyper	1
corn	produce	hyper	1
ear	corn	other	0
grain	corn	rhyper	-1
onion	corn	other	0
corn	infertility	other	0
pub	institution	hyper	1
pub	structure	hyper	1
pub	edifice	hyper	1
pub	construction	hyper	1
pub	deity	other	0
inn	pub	other	0
building	pub	rhyper	-1
brick	pub	other	0
guitar	instrument	hyper	1
guitar	device	hyper	1
guitar	artifact	hyper	1
guitar	artefact	hyper	1
bottom	guitar	other	0
object	guitar	rhyper	-1
guitar	liturgy	other	0
bagpipe	guitar	other	0
cockroach	pest	hyper	1
cockroach	bug	hyper	1
cockroach	creature	hyper	1
cockroach	insect	hyper	1
animal	cockroach	rhyper	-1
leg	cockroach	other	0
cockroach	bust	other	0
mosquito	cockroach	other	0
axe	tool	hyper	1
axe	cutlery	hyper	1
axe	artefact	hyper	1
axe	artifact	hyper	1
axe	utensil	hyper	1
axe	clearance	other	0
spoon	axe	other	0
launcher	axe	other	0
weapon	axe	rhyper	-1
object	axe	rhyper	-1
goldfish	vertebrate	hyper	1
goldfish	pet	hyper	1
goldfish	creature	hyper	1
goldfish	animal	hyper	1
salmon	goldfish	other	0
fish	goldfish	rhyper	-1
goldfish	guitar	other	0
gill	goldfish	other	0
sieve	object	hyper	1
sieve	kitchenware	hyper	1
sieve	tool	hyper	1
sieve	artifact	hyper	1
sieve	filter	hyper	1
spade	sieve	other	0
sieve	glass	other	0
artefact	sieve	rhyper	-1
metal	sieve	other	0
sieve	frame	other	0
box	artifact	hyper	1
box	artefact	hyper	1
box	container	hyper	1
wood	box	other	0
box	mortality	other	0
object	box	rhyper	-1
dishwasher	good	hyper	1
dishwasher	object	hyper	1
dishwasher	appliance	hyper	1
dishwasher	artefact	hyper	1
dishwasher	device	hyper	1
dishwasher	fridge	other	0
inside	dishwasher	other	0
availability	dishwasher	other	0
dishwasher	masonry	other	0
washer	dishwasher	other	0
cow	beast	hyper	1
cow	cattle	hyper	1
cow	animal	hyper	1
cow	mammal	hyper	1
cow	creature	hyper	1
cow	ruminant	hyper	1
eye	cow	other	0
cow	petition	other	0
herbivore	cow	rhyper	-1
vertebrate	cow	rhyper	-1
buffalo	cow	other	0
cow	hoof	other	0
restaurant	construction	hyper	1
restaurant	edifice	hyper	1
restaurant	structure	hyper	1
inn	restaurant	other	0
building	restaurant	rhyper	-1
restaurant	battle	other	0
plum	produce	hyper	1
plum	fruit	hyper	1
plum	gunman	other	0
pear	plum	other	0
grenade	object	hyper	1
grenade	arm	hyper	1
grenade	device	hyper	1
grenade	weapon	hyper	1
artefact	grenade	rhyper	-1
grenade	glucose	other	0
shell	grenade	other	0
artifact	grenade	rhyper	-1
cod	fish	hyper	1
cod	vertebrate	hyper	1
cod	food	hyper	1
cod	seafood	hyper	1
cod	gender	other	0
creature	cod	rhyper	-1
tail	cod	other	0
whale	cod	other	0
cranberry	produce	hyper	1
cranberry	berry	hyper	1
cranberry	fruit	hyper	1
juice	cranberry	other	0
food	cranberry	rhyper	-1
cranberry	quarantine	other	0
garlic	seasoning	hyper	1
garlic	spice	hyper	1
garlic	food	hyper	1
garlic	produce	hyper	1
clove	garlic	other	0
garlic	hallway	other	0
cucumber	garlic	other	0
vegetable	garlic	rhyper	-1
castle	fortification	hyper	1
castle	lodging	hyper	1
castle	building	hyper	1
castle	home	hyper	1
castle	defence	hyper	1
castle	habitation	hyper	1
castle	edifice	hyper	1
castle	site	hyper	1
castle	structure	hyper	1
castle	house	hyper	1
castle	defense	hyper	1
castle	housing	hyper	1
castle	restaurant	other	0
villa	castle	other	0
hotel	castle	other	0
guy	castle	other	0
castle	season	other	0
construction	castle	rhyper	-1
gate	castle	other	0
castle	door	other	0
castle	necessity	other	0
visitor	castle	other	0
dwelling	castle	rhyper	-1
accommodation	castle	rhyper	-1
sweater	clothing	hyper	1
sweater	good	hyper	1
sweater	covering	hyper	1
sweater	apparel	hyper	1
sweater	garment	hyper	1
sweater	wear	hyper	1
sweater	artefact	hyper	1
sweater	object	hyper	1
pattern	sweater	other	0
fold	sweater	other	0
ridge	sweater	other	0
stocking	sweater	other	0
artifact	sweater	rhyper	-1
commodity	sweater	rhyper	-1
sweater	underpants	other	0
sweater	button	other	0
scarf	artefact	hyper	1
scarf	apparel	hyper	1
scarf	object	hyper	1
scarf	artifact	hyper	1
scarf	accessory	hyper	1
scarf	commodity	hyper	1
scarf	covering	hyper	1
scarf	garment	hyper	1
scarf	good	hyper	1
scarf	fabric	other	0
wear	scarf	rhyper	-1
clothing	scarf	rhyper	-1
fraction	scarf	other	0
cashmere	scarf	other	0
scarf	poem	other	0
logo	scarf	other	0
scarf	trouser	other	0
scarf	garrison	other	0
owl	predator	hyper	1
owl	vertebrate	hyper	1
owl	raptor	hyper	1
owl	creature	hyper	1
vulture	owl	other	0
animal	owl	rhyper	-1
bird	owl	rhyper	-1
owl	veracity	other	0
shovel	artifact	hyper	1
shovel	object	hyper	1
shovel	utensil	hyper	1
shovel	artefact	hyper	1
end	shovel	other	0
tool	shovel	rhyper	-1
spade	shovel	other	0
shovel	smile	other	0
dagger	object	hyper	1
dagger	device	hyper	1
dagger	artefact	hyper	1
dagger	artifact	hyper	1
authorisation	dagger	other	0
arm	dagger	rhyper	-1
dagger	pommel	other	0
guard	dagger	other	0
apple	food	hyper	1
apple	produce	hyper	1
plum	apple	other	0
fruit	apple	rhyper	-1
spear	arm	hyper	1
spear	object	hyper	1
spear	device	hyper	1
spear	artefact	hyper	1
wizard	spear	other	0
artifact	spear	rhyper	-1
dagger	spear	other	0
end	spear	other	0
wasp	animal	hyper	1
wasp	insect	hyper	1
wasp	occupation	other	0
antenna	wasp	other	0
coconut	fruit	hyper	1
coconut	food	hyper	1
produce	coconut	rhyper	-1
peach	coconut	other	0
lettuce	vegetable	hyper	1
lettuce	produce	hyper	1
lettuce	bond	other	0
food	lettuce	rhyper	-1
table	artefact	hyper	1
table	furniture	hyper	1
table	artifact	hyper	1
table	furnishing	hyper	1
table	functioning	other	0
chair	table	other	0
cloth	table	other	0
object	table	rhyper	-1
herring	creature	hyper	1
herring	animal	hyper	1
herring	food	hyper	1
herring	seafood	hyper	1
londoner	herring	other	0
fish	herring	rhyper	-1
vertebrate	herring	rhyper	-1
scale	herring	other	0
tuna	food	hyper	1
tuna	seafood	hyper	1
tuna	creature	hyper	1
tuna	animal	hyper	1
tuna	goldfish	other	0
language	tuna	other	0
vertebrate	tuna	rhyper	-1
dolphin	tuna	other	0
lime	fruit	hyper	1
lime	produce	hyper	1
lime	food	hyper	1
lime	amazement	other	0
citrus	lime	rhyper	-1
peach	lime	other	0
sheep	beast	hyper	1
sheep	creature	hyper	1
sheep	animal	hyper	1
sheep	herbivore	hyper	1
sheep	mammal	hyper	1
freight	sheep	other	0
sheep	snout	other	0
sheep	cow	other	0
vertebrate	sheep	rhyper	-1
rabbit	sheep	other	0
horse	herbivore	hyper	1
horse	beast	hyper	1
horse	mammal	hyper	1
horse	vertebrate	hyper	1
bit	horse	other	0
horse	head	other	0
horse	circle	other	0
creature	horse	rhyper	-1
van	conveyance	hyper	1
van	transport	hyper	1
van	vehicle	hyper	1
van	artefact	hyper	1
artifact	van	rhyper	-1
van	crime	other	0
windshield	van	other	0
helicopter	van	other	0
jet	plane	hyper	1
jet	artifact	hyper	1
jet	aeroplane	hyper	1
jet	vehicle	hyper	1
jet	craft	hyper	1
jet	conveyance	hyper	1
jet	aircraft	hyper	1
jet	artefact	hyper	1
transport	jet	rhyper	-1
car	jet	other	0
airplane	jet	rhyper	-1
jet	color	other	0
durability	jet	other	0
jet	window	other	0
windshield	jet	other	0
jet	ambulance	other	0
spinach	food	hyper	1
spinach	vegetable	hyper	1
produce	spinach	rhyper	-1
iron	spinach	other	0
alligator	reptile	hyper	1
alligator	creature	hyper	1
alligator	predator	hyper	1
alligator	beast	hyper	1
alligator	carnivore	hyper	1
turtle	alligator	other	0
alligator	eye	other	0
alligator	frog	other	0
alligator	courthouse	other	0
animal	alligator	rhyper	-1
hospital	structure	hyper	1
hospital	building	hyper	1
hospital	institution	hyper	1
hospital	edifice	hyper	1
construction	hospital	rhyper	-1
elephant	hospital	other	0
site	hospital	rhyper	-1
hospital	patient	other	0
oak	tree	hyper	1
elm	oak	other	0
parsley	food	hyper	1
parsley	vegetable	hyper	1
parsley	produce	hyper	1
parsley	seasoning	hyper	1
herb	parsley	rhyper	-1
carrot	parsley	other	0
parsley	minibus	other	0
leaf	parsley	other	0
frog	animal	hyper	1
frog	beast	hyper	1
frog	creature	hyper	1
frog	amphibian	hyper	1
frog	force	other	0
toad	frog	other	0
vertebrate	frog	rhyper	-1
eye	frog	other	0
mackerel	fish	hyper	1
mackerel	vertebrate	hyper	1
mackerel	seafood	hyper	1
mackerel	food	hyper	1
pharaoh	mackerel	other	0
creature	mackerel	rhyper	-1
animal	mackerel	rhyper	-1
mackerel	dolphin	other	0
beet	root	hyper	1
beet	produce	hyper	1
beet	vegetable	hyper	1
beet	clinician	other	0
food	beet	rhyper	-1
leaf	beet	other	0
helicopter	artefact	hyper	1
helicopter	aircraft	hyper	1
helicopter	artifact	hyper	1
helicopter	craft	hyper	1
helicopter	conveyance	hyper	1
helicopter	top	other	0
helicopter	orientation	other	0
vehicle	helicopter	rhyper	-1
truck	helicopter	other	0
hymn	helicopter	other	0
banana	fruit	hyper	1
banana	food	hyper	1
peel	banana	other	0
pineapple	banana	other	0
fork	cutlery	hyper	1
fork	artifact	hyper	1
fork	utensil	hyper	1
fork	artefact	hyper	1
fork	tool	hyper	1
fork	object	hyper	1
kitchenware	fork	rhyper	-1
hammer	fork	other	0
fork	hatchet	other	0
plastic	fork	other	0
fork	turnkey	other	0
fork	tooth	other	0
squirrel	rodent	hyper	1
squirrel	vertebrate	hyper	1
squirrel	creature	hyper	1
squirrel	animal	hyper	1
beast	squirrel	rhyper	-1
rabbit	squirrel	other	0
ear	squirrel	other	0
squirrel	goat	other	0
bus	artefact	hyper	1
bus	conveyance	hyper	1
bus	artifact	hyper	1
bus	vehicle	hyper	1
transport	bus	rhyper	-1
battleship	bus	other	0
metal	bus	other	0
bus	contracting	other	0
cypress	plant	hyper	1
cypress	tree	hyper	1
birch	cypress	other	0
evergreen	cypress	rhyper	-1
hotel	lodging	hyper	1
hotel	edifice	hyper	1
hotel	accommodation	hyper	1
hotel	building	hyper	1
construction	hotel	rhyper	-1
hotel	pub	other	0
store	hotel	other	0
tightrope	hotel	other	0
missile	arm	hyper	1
missile	weapon	hyper	1
missile	artifact	hyper	1
missile	rocket	hyper	1
missile	artefact	hyper	1
missile	vehicle	hyper	1
object	missile	rhyper	-1
missile	warhead	other	0
missile	grenade	other	0
engine	missile	other	0
scholar	missile	other	0
dagger	missile	other	0
tiger	beast	hyper	1
tiger	creature	hyper	1
tiger	carnivore	hyper	1
tiger	mammal	hyper	1
tiger	animal	hyper	1
maneuver	tiger	other	0
vertebrate	tiger	rhyper	-1
tiger	jaw	other	0
predator	tiger	rhyper	-1
tiger	homeland	other	0
phone	gadget	hyper	1
phone	commodity	hyper	1
phone	good	hyper	1
phone	system	hyper	1
phone	artefact	hyper	1
phone	artifact	hyper	1
phone	device	hyper	1
phone	equipment	hyper	1
dial	phone	other	0
appliance	phone	rhyper	-1
fridge	phone	other	0
object	phone	rhyper	-1
sanctity	phone	other	0
phone	washer	other	0
phone	cable	other	0
phone	artillery	other	0
train	vehicle	hyper	1
train	conveyance	hyper	1
train	artifact	hyper	1
train	artefact	hyper	1
transport	train	rhyper	-1
yacht	train	other	0
back	train	other	0
train	anything	other	0
rabbit	animal	hyper	1
rabbit	creature	hyper	1
rabbit	mammal	hyper	1
rabbit	vertebrate	hyper	1
rabbit	herbivore	hyper	1
rabbit	beast	hyper	1
licence	rabbit	other	0
deer	rabbit	other	0
rabbit	leg	other	0
rabbit	rat	other	0
rabbit	audit	other	0
food	rabbit	rhyper	-1
bull	vertebrate	hyper	1
bull	ruminant	hyper	1
bull	creature	hyper	1
bull	mammal	hyper	1
bull	animal	hyper	1
bull	tail	other	0
beef	bull	other	0
bull	cluster	other	0
beast	bull	rhyper	-1
tiger	bull	other	0
wardrobe	object	hyper	1
wardrobe	artefact	hyper	1
wardrobe	furniture	hyper	1
wardrobe	artifact	hyper	1
furnishing	wardrobe	rhyper	-1
wardrobe	characteristic	other	0
chair	wardrobe	other	0
bottom	wardrobe	other	0
coyote	creature	hyper	1
coyote	beast	hyper	1
coyote	mammal	hyper	1
coyote	carnivore	hyper	1
coyote	animal	hyper	1
coyote	predator	hyper	1
vertebrate	coyote	rhyper	-1
tail	coyote	other	0
canine	coyote	rhyper	-1
coyote	petal	other	0
coyote	head	other	0
beaver	coyote	other	0
piano	artefact	hyper	1
piano	furniture	hyper	1
piano	artifact	hyper	1
piano	device	hyper	1
top	piano	other	0
trumpet	piano	other	0
piano	investor	other	0
instrument	piano	rhyper	-1
penguin	animal	hyper	1
penguin	creature	hyper	1
penguin	vertebrate	hyper	1
penguin	seabird	hyper	1
plumage	penguin	other	0
bird	penguin	rhyper	-1
penguin	teddy	other	0
crow	penguin	other	0
television	equipment	hyper	1
television	object	hyper	1
television	commodity	hyper	1
television	system	hyper	1
television	good	hyper	1
television	artifact	hyper	1
television	artefact	hyper	1
outing	television	other	0
circuit	television	other	0
device	television	rhyper	-1
appliance	television	rhyper	-1
television	channel	other	0
television	shovel	other	0
telephone	television	other	0
apricot	produce	hyper	1
apricot	fruit	hyper	1
apricot	republican	other	0
grape	apricot	other	0
bed	artefact	hyper	1
bed	furniture	hyper	1
bed	artifact	hyper	1
bed	furnishing	hyper	1
object	bed	rhyper	-1
pillow	bed	other	0
bed	peninsula	other	0
couch	bed	other	0
cat	carnivore	hyper	1
cat	animal	hyper	1
cat	mammal	hyper	1
cat	creature	hyper	1
cat	pet	hyper	1
cat	inception	other	0
cat	paw	other	0
eye	cat	other	0
beast	cat	rhyper	-1
bear	cat	other	0
strawberry	fruit	hyper	1
strawberry	produce	hyper	1
lime	strawberry	other	0
strawberry	alibi	other	0
lizard	animal	hyper	1
lizard	beast	hyper	1
lizard	vertebrate	hyper	1
lizard	creature	hyper	1
lizard	alligator	other	0
stripe	lizard	other	0
chameleon	lizard	other	0
lizard	eye	other	0
cello	object	hyper	1
cello	artefact	hyper	1
cello	artifact	hyper	1
cello	device	hyper	1
bout	cello	other	0
instrument	cello	rhyper	-1
cello	parking	other	0
bass	cello	other	0
ferry	artefact	hyper	1
ferry	vessel	hyper	1
ferry	vehicle	hyper	1
ferry	boat	hyper	1
engine	ferry	other	0
ferry	outfielder	other	0
canoe	ferry	other	0
artifact	ferry	rhyper	-1
robin	animal	hyper	1
robin	vertebrate	hyper	1
robin	creature	hyper	1
bird	robin	rhyper	-1
foot	robin	other	0
swan	robin	other	0
hornet	creature	hyper	1
hornet	insect	hyper	1
hornet	effectiveness	other	0
animal	hornet	rhyper	-1
whale	creature	hyper	1
whale	mammal	hyper	1
whale	seafood	hyper	1
whale	food	hyper	1
whale	vertebrate	hyper	1
whale	donkey	other	0
whale	windshield	other	0
cetacean	whale	rhyper	-1
whale	tooth	other	0
liar	whale	other	0
vest	covering	hyper	1
vest	garment	hyper	1
vest	clothing	hyper	1
vest	artefact	hyper	1
vest	clothes	hyper	1
vest	apparel	hyper	1
vest	commodity	hyper	1
vest	good	hyper	1
stocking	vest	other	0
vest	skin	other	0
artifact	vest	rhyper	-1
vest	pc	other	0
tobacco	vest	other	0
object	vest	rhyper	-1
silk	vest	other	0
vest	trousers	other	0
moth	insect	hyper	1
moth	animal	hyper	1
moth	dairy	other	0
body	moth	other	0
dolphin	mammal	hyper	1
dolphin	cetacean	hyper	1
dolphin	animal	hyper	1
dolphin	vertebrate	hyper	1
skin	dolphin	other	0
dolphin	parliament	other	0
lion	dolphin	other	0
creature	dolphin	rhyper	-1
deer	vertebrate	hyper	1
deer	herbivore	hyper	1
deer	beast	hyper	1
deer	ruminant	hyper	1
deer	creature	hyper	1
deer	ear	other	0
deer	bear	other	0
infiltration	deer	other	0
mammal	deer	rhyper	-1
deer	bullshit	other	0
pig	beast	hyper	1
pig	vertebrate	hyper	1
pig	animal	hyper	1
pig	mammal	hyper	1
pig	sheep	other	0
pig	skin	other	0
pig	counterpart	other	0
creature	pig	rhyper	-1
ant	insect	hyper	1
ant	animal	hyper	1
ant	bug	hyper	1
creature	ant	rhyper	-1
leg	ant	other	0
bee	ant	other	0
rat	beast	hyper	1
rat	mammal	hyper	1
rat	animal	hyper	1
rat	creature	hyper	1
rat	cow	other	0
rat	snout	other	0
rodent	rat	rhyper	-1
tooth	rat	other	0
carrot	produce	hyper	1
carrot	root	hyper	1
carrot	food	hyper	1
cucumber	carrot	other	0
vitamin	carrot	other	0
carrot	ssa	other	0
violin	instrument	hyper	1
violin	artefact	hyper	1
violin	device	hyper	1
violin	object	hyper	1
artifact	violin	rhyper	-1
trumpet	violin	other	0
violin	club	other	0
body	violin	other	0
beaver	creature	hyper	1
beaver	mammal	hyper	1
beaver	rodent	hyper	1
beaver	animal	hyper	1
vertebrate	beaver	rhyper	-1
fur	beaver	other	0
beaver	eye	other	0
rat	beaver	other	0
woodpecker	animal	hyper	1
woodpecker	creature	hyper	1
woodpecker	vertebrate	hyper	1
woodpecker	wheel	other	0
bird	woodpecker	rhyper	-1
hawk	woodpecker	other	0
dress	garment	hyper	1
dress	object	hyper	1
dress	wear	hyper	1
dress	apparel	hyper	1
dress	clothes	hyper	1
dress	artefact	hyper	1
dress	artifact	hyper	1
dress	clothing	hyper	1
gia	dress	other	0
stocking	dress	other	0
dress	shirt	other	0
dress	zone	other	0
dress	lace	other	0
jacket	dress	other	0
commodity	dress	rhyper	-1
bodice	dress	other	0
spade	artefact	hyper	1
spade	utensil	hyper	1
spade	tool	hyper	1
spade	object	hyper	1
artifact	spade	rhyper	-1
spade	submissiveness	other	0
axe	spade	other	0
iron	spade	other	0
lemon	food	hyper	1
lemon	produce	hyper	1
lemon	citrus	hyper	1
vitamin	lemon	other	0
fruit	lemon	rhyper	-1
lemon	disguise	other	0
shirt	good	hyper	1
shirt	artifact	hyper	1
shirt	covering	hyper	1
shirt	artefact	hyper	1
shirt	garment	hyper	1
shirt	commodity	hyper	1
shirt	clothes	hyper	1
shirt	object	hyper	1
collar	shirt	other	0
jacket	shirt	other	0
shirt	hieroglyphic	other	0
shirt	pattern	other	0
shirt	legend	other	0
shirt	underpants	other	0
apparel	shirt	rhyper	-1
barrel	shirt	other	0
peach	produce	hyper	1
peach	fruit	hyper	1
juice	peach	other	0
apple	peach	other	0
trumpet	instrument	hyper	1
trumpet	artifact	hyper	1
trumpet	device	hyper	1
trumpet	artefact	hyper	1
object	trumpet	rhyper	-1
guitar	trumpet	other	0
metal	trumpet	other	0
trumpet	cyst	other	0
bowl	artifact	hyper	1
bowl	utensil	hyper	1
bowl	object	hyper	1
bowl	kitchenware	hyper	1
bowl	container	hyper	1
trip	bowl	other	0
bowl	jar	other	0
bowl	aim	other	0
bowl	inside	other	0
artefact	bowl	rhyper	-1
freezer	good	hyper	1
freezer	appliance	hyper	1
freezer	artifact	hyper	1
freezer	artefact	hyper	1
freezer	device	hyper	1
freezer	television	other	0
freezer	directory	other	0
commodity	freezer	rhyper	-1
freezer	plug	other	0
supply	freezer	other	0
couch	furniture	hyper	1
couch	furnishing	hyper	1
couch	object	hyper	1
couch	artefact	hyper	1
artifact	couch	rhyper	-1
table	couch	other	0
back	couch	other	0
couch	snap	other	0
catfish	fish	hyper	1
catfish	vertebrate	hyper	1
catfish	seafood	hyper	1
catfish	food	hyper	1
inflow	catfish	other	0
creature	catfish	rhyper	-1
catfish	gill	other	0
trout	catfish	other	0
sword	object	hyper	1
sword	artefact	hyper	1
sword	artifact	hyper	1
sword	arm	hyper	1
pike	sword	other	0
advantage	sword	other	0
hilt	sword	other	0
sword	magazine	other	0
elephant	animal	hyper	1
elephant	herbivore	hyper	1
elephant	vertebrate	hyper	1
elephant	creature	hyper	1
elephant	beaver	other	0
coyote	elephant	other	0
elephant	triumph	other	0
mammal	elephant	rhyper	-1
truck	transport	hyper	1
truck	artifact	hyper	1
truck	artefact	hyper	1
truck	vehicle	hyper	1
truck	m	other	0
ambulance	truck	other	0
inside	truck	other	0
conveyance	truck	rhyper	-1
goat	mammal	hyper	1
goat	food	hyper	1
goat	animal	hyper	1
goat	vertebrate	hyper	1
goat	herbivore	hyper	1
goat	beast	hyper	1
goat	antelope	other	0
creature	goat	rhyper	-1
goat	ear	other	0
overhaul	goat	other	0
ruminant	goat	rhyper	-1
cat	goat	other	0
dresser	furnishing	hyper	1
dresser	artefact	hyper	1
dresser	artifact	hyper	1
dresser	furniture	hyper	1
clothes	dresser	other	0
dresser	plating	other	0
chair	dresser	other	0
object	dresser	rhyper	-1
butterfly	creature	hyper	1
butterfly	insect	hyper	1
cricket	butterfly	other	0
butterfly	affidavit	other	0
flute	device	hyper	1
flute	artefact	hyper	1
flute	instrument	hyper	1
flute	artifact	hyper	1
object	flute	rhyper	-1
banjo	flute	other	0
flute	o	other	0
copper	flute	other	0
pear	fruit	hyper	1
pear	produce	hyper	1
skin	pear	other	0
food	pear	rhyper	-1
screwdriver	artefact	hyper	1
screwdriver	tool	hyper	1
screwdriver	object	hyper	1
screwdriver	utensil	hyper	1
point	screwdriver	other	0
artifact	screwdriver	rhyper	-1
screwdriver	drain	other	0
spoon	screwdriver	other	0
cucumber	food	hyper	1
cucumber	vegetable	hyper	1
produce	cucumber	rhyper	-1
spinach	cucumber	other	0
birch	tree	hyper	1
flower	birch	other	0
cabbage	produce	hyper	1
cabbage	food	hyper	1
head	cabbage	other	0
cabbage	diy	other	0
hawk	predator	hyper	1
hawk	bird	hyper	1
hawk	creature	hyper	1
hawk	raptor	hyper	1
animal	hawk	rhyper	-1
eye	hawk	other	0
passenger	hawk	other	0
hawk	head	other	0
dove	vertebrate	hyper	1
dove	bird	hyper	1
dove	animal	hyper	1
foot	dove	other	0
penguin	dove	other	0
dove	bounce	other	0
broccoli	produce	hyper	1
broccoli	food	hyper	1
broccoli	film	other	0
stalk	broccoli	other	0
stereo	device	hyper	1
stereo	commodity	hyper	1
stereo	system	hyper	1
stereo	appliance	hyper	1
stereo	object	hyper	1
stereo	equipment	hyper	1
stereo	artifact	hyper	1
good	stereo	rhyper	-1
ticket	stereo	other	0
antenna	stereo	other	0
artefact	stereo	rhyper	-1
stereo	reservation	other	0
stereo	amplifier	other	0
computer	stereo	other	0
fighter	airplane	hyper	1
fighter	transport	hyper	1
fighter	aeroplane	hyper	1
fighter	plane	hyper	1
fighter	artifact	hyper	1
fighter	conveyance	hyper	1
fighter	aircraft	hyper	1
fighter	warplane	hyper	1
fighter	lecturer	other	0
interior	fighter	other	0
rocket	fighter	other	0
craft	fighter	rhyper	-1
fighter	truck	other	0
volunteer	fighter	other	0
car	fighter	other	0
vehicle	fighter	rhyper	-1
potato	food	hyper	1
potato	produce	hyper	1
potato	vegetable	hyper	1
potato	stooge	other	0
starch	potato	other	0
leek	potato	other	0
ambulance	transport	hyper	1
ambulance	artefact	hyper	1
ambulance	conveyance	hyper	1
ambulance	artifact	hyper	1
helicopter	ambulance	other	0
ambulance	runner-up	other	0
vehicle	ambulance	rhyper	-1
metal	ambulance	other	0
coat	garment	hyper	1
coat	artifact	hyper	1
coat	commodity	hyper	1
coat	artefact	hyper	1
coat	good	hyper	1
coat	clothes	hyper	1
coat	clothing	hyper	1
coat	covering	hyper	1
fleece	coat	other	0
joke	coat	other	0
back	coat	other	0
coat	hem	other	0
wear	coat	rhyper	-1
fabric	coat	other	0
object	coat	rhyper	-1
coat	opposition	other	0
yacht	vessel	hyper	1
yacht	artefact	hyper	1
yacht	artifact	hyper	1
yacht	craft	hyper	1
yacht	bus	other	0
camcorder	yacht	other	0
boat	yacht	rhyper	-1
car	yacht	other	0
jacket	wear	hyper	1
jacket	good	hyper	1
jacket	clothing	hyper	1
jacket	garment	hyper	1
jacket	commodity	hyper	1
jacket	artifact	hyper	1
jacket	object	hyper	1
jacket	artefact	hyper	1
arm	jacket	other	0
jacket	scrutiny	other	0
covering	jacket	rhyper	-1
fleece	jacket	other	0
jacket	raincoat	other	0
justice	jacket	other	0
jacket	pulse	other	0
apparel	jacket	rhyper	-1
gorilla	animal	hyper	1
gorilla	vertebrate	hyper	1
gorilla	mammal	hyper	1
gorilla	beast	hyper	1
gorilla	primate	hyper	1
ape	gorilla	rhyper	-1
creature	gorilla	rhyper	-1
gorilla	elephant	other	0
ear	gorilla	other	0
gorilla	foot	other	0
poplar	plant	hyper	1
poplar	angiosperm	hyper	1
tree	poplar	rhyper	-1
oak	poplar	other	0
wrench	utensil	hyper	1
wrench	object	hyper	1
wrench	artefact	hyper	1
wrench	tool	hyper	1
steel	wrench	other	0
wrench	croatia	other	0
artifact	wrench	rhyper	-1
spade	wrench	other	0
bottle	artifact	hyper	1
bottle	artefact	hyper	1
bottle	container	hyper	1
bottle	object	hyper	1
bottle	bag	other	0
bottle	label	other	0
microphone	bottle	other	0
exterior	bottle	other	0
pineapple	food	hyper	1
pineapple	produce	hyper	1
pineapple	plan	other	0
grapefruit	pineapple	other	0
